id,Nombre,Edad,Ciudad,Salario,Email
1,Missie,,Xiaogang,2296199,mgorgen0@nydailynews.com
2,Maighdiln,2,Emiliano Zapata,3419265,mfrankel1@dion.ne.jp
3,Mady,,Bejucal,2881370,mhencke2@indiatimes.com
4,Vinni,18,,3557406,vmalser3@free.fr
5,Mallissa,4,Montpellier,3644326,mmedd4@mac.com
6,Rudd,88,Liushan,4029708,rmcghie5@kickstarter.com
7,Shanie,67,Litein,2797473,sbaruch6@hexun.com
8,Em,19,Ivot,3968862,ebolstridge7@amazon.com
9,Johnathon,88,Fonte,1691908,jantill8@abc.net.au
10,Elbert,,,2757175,emidson9@mozilla.org
11,Patric,64,Kupino,3717893,preihma@dot.gov
12,Free,71,Bamusso,3295800,fdambrosiob@cafepress.com
13,Nerita,96,Sarbīsheh,2303614,noxc@archive.org
14,Siegfried,2,Kaduengang,2034245,sscardd@sciencedaily.com
15,Missy,,Godong,2572053,mgiabuccie@cdbaby.com
16,Joya,15,Nanterre,1489313,jashbef@sourceforge.net
17,Lyndsie,,Lagunillas,,lkinglesydg@oakley.com
18,Graig,42,Berezniki,2955671,gshemmingh@creativecommons.org
19,Stephannie,,Ulundi,1477629,
20,Cherey,21,Tomilino,4233242,cdohrmannj@huffingtonpost.com
21,Mead,,Chengjiao,1811457,mfetherstank@reference.com
22,Thor,,Novomoskovsk,1556746,tallchornl@themeforest.net
23,Loleta,8,Kozhanka,4335172,lmollenm@prweb.com
24,Halimeda,87,Krugersdorp,1130174,
25,Jon,78,Langzhong,4619899,jwillatto@mayoclinic.com
26,Sarina,,Tafraout,3431179,swateridgep@alexa.com
27,Appolonia,,Yurla,3177004,aburdounq@chron.com
28,Thaddus,22,Port Louis,2017884,thuegettr@wikimedia.org
29,Darla,13,Węgierska Górka,1992479,dodeveys@vkontakte.ru
30,Mead,50,Khabarovsk,2198547,mkunatt@youtu.be
31,Ezra,70,Xiwang,3364700,
32,Alistair,24,Jakartovice,2515274,ademogeotv@soup.io
33,Humberto,5,Salzburg,3914139,hcunnellw@dagondesign.com
34,Hubie,3,Yukhnov,1361639,hgornalx@cloudflare.com
35,Luisa,72,Meringkik,2431927,lbecksy@newyorker.com
36,Janeva,35,Doljevac,3577562,
37,Evelina,75,Le Tampon,2634690,efeldstein10@archive.org
38,Lawrence,17,Paty do Alferes,3670110,lkingzet11@tripod.com
39,Quintana,72,Pančevo,1824179,qstudders12@nbcnews.com
40,Modesta,40,Pangansalan,,mabbe13@flavors.me
41,Delainey,,Outokumpu,1867621,dgrishukov14@aboutads.info
42,Lek,,Dingli,3630321,lproctor15@mapquest.com
43,Jaquith,61,Bastos,2503296,jstucke16@quantcast.com
44,Fanny,18,,,
45,Fionnula,82,Biryukove,4292672,fgueste18@pen.io
46,Lynette,8,Cacoal,1795329,lsaer19@indiegogo.com
47,Waylan,92,Palla,2793288,wgoosnell1a@photobucket.com
48,Basil,61,Divichibazar,2506003,
49,Margarita,51,Darenzhuang,3284024,mmouget1c@hubpages.com
50,Barbette,,Cabangan,,borkney1d@blog.com
51,Garret,55,Balogo,2902701,grossander1e@princeton.edu
52,Reamonn,22,Lennec,4825604,rmcfaell1f@blogs.com
53,Shawn,70,Qalqīlyah,3888058,scresar1g@odnoklassniki.ru
54,Taite,17,Santa Rosa de Lima,2157734,
55,Ian,90,Jarošov nad Nežárkou,4534639,idegoix1i@arstechnica.com
56,Vinny,,Balkanabat,3468299,
57,Rhea,,Colonia Aurora,1410918,rhyman1k@pcworld.com
58,Charlton,82,Jianping,4031447,cgolly1l@bigcartel.com
59,Gran,,Ndjolé,2744323,gpowland1m@technorati.com
60,Colleen,66,Trikora,1654835,cskeemor1n@blogger.com
61,Lila,,Mundybash,1994959,logorman1o@wikimedia.org
62,Misty,21,Pulosari,1902261,mhubbuck1p@barnesandnoble.com
63,Patric,61,Batatais,1755748,pmewburn1q@msn.com
64,Ivy,51,Meizhou,2103355,imacmillan1r@slashdot.org
65,Olav,8,Qingshui,,obaford1s@joomla.org
66,Sybilla,59,Nihaona,2104457,sandell1t@taobao.com
67,Jeannie,30,Castanheira do Campo,3202512,jvere1u@diigo.com
68,Markus,,Xinshan,,msquibb1v@gravatar.com
69,Wallie,34,Vindeln,4698947,whellewell1w@apache.org
70,Mozes,52,Mashtūl as Sūq,,mlewisham1x@cpanel.net
71,Martynne,51,Krasna,2429081,mcavell1y@google.com.hk
72,Raynard,63,Norfolk,2001252,rtwinn1z@chicagotribune.com
73,Tony,,Paruro,1796109,tyoudell20@wp.com
74,Juline,96,Vila Chã,3342770,jskingley21@canalblog.com
75,Vidovik,23,Bielice,3645754,vhush22@spotify.com
76,Larisa,65,Yoichi,1030235,
77,Boniface,70,Yuxi,1729861,bborthwick24@desdev.cn
78,Wayland,52,Huelkail,4214642,
79,Maure,62,Vawkavysk,,mmateo26@indiatimes.com
80,Janie,7,Gjinoc,3238647,jarundell27@salon.com
81,Maribeth,41,Stýpsi,,msuller28@oaic.gov.au
82,Ericka,70,Krasnokamsk,1922152,ejacomb29@naver.com
83,Florette,,Seynod,1339961,flilley2a@youtube.com
84,Marketa,77,Invermere,2814251,mleborgne2b@biblegateway.com
85,Aubry,51,Köping,3748243,aoloughnan2c@amazonaws.com
86,Hamilton,31,Las Cruces,2482981,hrhydderch2d@123-reg.co.uk
87,Roosevelt,,Keli,2053244,rmctrusty2e@techcrunch.com
88,Ford,,Bandar-e Lengeh,1985695,fbradborne2f@state.tx.us
89,Dillon,,Belize City,4565204,dsurgen2g@adobe.com
90,Jasen,,Sumbergayam,1674417,jtiller2h@comsenz.com
91,Nike,71,,1964931,nshemilt2i@webmd.com
92,Letizia,84,Bakıxanov,3123656,lcasin2j@sfgate.com
93,Dominik,35,Vorob’yovo,4253830,ddreakin2k@princeton.edu
94,Denys,85,Doumen,1763089,dletch2l@dailymail.co.uk
95,Nils,47,Queimados,2993657,ncookney2m@go.com
96,Phillis,67,Pingshui,4893576,psiflet2n@webs.com
97,Carolee,37,Moriyama,3151125,
98,Emmy,81,Asembagus,1167392,espadelli2p@senate.gov
99,Dan,28,Blatná,2321120,dquinnelly2q@un.org
100,Lynne,45,Phra Pradaeng,1030031,lbrilleman2r@comcast.net
101,Micheline,3,Vilkija,1566238,mdosdale2s@cnbc.com
102,Gilbert,33,Solec-Zdrój,3926309,gkeyho2t@umn.edu
103,Viviene,,Niort,3035407,vkubacek2u@amazonaws.com
104,Nessie,,,4534501,nwetter2v@harvard.edu
105,Nonna,89,Dinājpur,2873941,nhuckel2w@vk.com
106,Kirby,48,Zográfos,4141809,
107,Blondell,37,Santo Niño,4167507,bisted2y@qq.com
108,Thoma,2,Fatuhilik,1894763,
109,Kelly,54,Capulaan,2320680,kheardman30@bandcamp.com
110,Phaedra,52,Ḩalwān,4783566,pjinkinson31@webeden.co.uk
111,Kitty,,Saint-Paul,1732009,kbrixham32@devhub.com
112,Dulci,,Dadong,2004635,dmatonin33@oakley.com
113,Nesta,67,Kaduy,4700543,nblakden34@wunderground.com
114,Denys,,Spasskoye-Lutovinovo,1580699,drenish35@zimbio.com
115,Karylin,72,Sesheke,2057636,kliven36@mediafire.com
116,Brigham,24,Wangge’ertang,4217994,bbarber37@apache.org
117,Scot,43,Talun,1474655,srisborough38@va.gov
118,Oliviero,27,Bojnik,1944606,
119,Hester,58,Melbourne,3478106,htomson3a@cam.ac.uk
120,Arty,8,Lanús,1097479,
121,Garrik,34,Chai Badan,2086036,ggradon3c@plala.or.jp
122,Dewain,,,2256727,dneve3d@hexun.com
123,Siouxie,28,Timba Lauk,2225374,smcinility3e@cargocollective.com
124,Pernell,24,Sajia,4320253,
125,Jessalin,10,Yafran,4900650,jgrain3g@devhub.com
126,Rosalind,95,Berlín,1259062,rshorten3h@freewebs.com
127,Rebbecca,6,Jinling,,rvoce3i@exblog.jp
128,Maggi,44,Nowshahr,3281774,mmcdell3j@indiegogo.com
129,Babbette,96,Funtua,2897822,bhartropp3k@bandcamp.com
130,Benjie,38,Yuncheng,3608683,bjambrozek3l@discovery.com
131,Julietta,,Villa Regina,4869983,jberr3m@freewebs.com
132,Donnie,,Kėdainiai,1195662,dfranceschino3n@fastcompany.com
133,Zonnya,,Boulogne-Billancourt,4478890,zsummerside3o@mac.com
134,Daniel,,,,dgurney3p@discovery.com
135,Marcille,,Kotuń,4385295,mclynter3q@jigsy.com
136,Rodolfo,16,Yanai,4513923,rdecourcy3r@surveymonkey.com
137,Margery,,Greensboro,2524828,mkippen3s@xing.com
138,Wilma,38,Liandu,3388871,wpressnell3t@yellowpages.com
139,Patrick,80,,1276436,
140,Klarrisa,16,Santa Maria da Vitória,3203200,kmckeefry3v@flavors.me
141,Florella,,Dubrava,2296218,fhuckerbe3w@newyorker.com
142,Miguelita,68,Banjar Sengguan,4805351,mfew3x@telegraph.co.uk
143,Alonso,,Kedungreja,1354580,alamping3y@sohu.com
144,Ulises,6,Pancoran,,uoglassane3z@usnews.com
145,Erma,3,Garhi Khairo,4488403,egatley40@opensource.org
146,Brand,4,Baisha,4430441,bbubbear41@delicious.com
147,Niels,63,Sadabe,2775370,npetters42@xing.com
148,Lissa,23,Jiading,2866620,lech43@hibu.com
149,Wilone,44,Babice,3026368,wcalow44@vkontakte.ru
150,Derick,7,Bélel,4794872,
151,Miran,94,Secang Barat,3274057,mfollit46@senate.gov
152,Katti,,Benito Juarez,2399381,kjobey47@tamu.edu
153,Annalise,59,,2433726,aglewe48@tripod.com
154,Iago,23,Revelstoke,,ihobgen49@usda.gov
155,Nike,,Sindangrasa,4238232,nboddam4a@independent.co.uk
156,Leda,35,Barvinkove,4622561,
157,Tymon,72,,,tsouthcott4c@redcross.org
158,Rene,43,Höfn,3667843,rhalliwell4d@hud.gov
159,Kermit,48,Zhangjiaji,3500722,kreeds4e@discuz.net
160,Freddie,23,Charleston,3324791,fprator4f@google.it
161,Virgilio,26,Fukadale,4421862,vmoxham4g@unc.edu
162,Barth,88,Masons Bay,3119564,bgomes4h@skyrock.com
163,Gardy,89,Pirojpur,1846918,gwraighte4i@merriam-webster.com
164,Lotti,52,,2900793,lgarstang4j@elegantthemes.com
165,Sarene,,Janes,4662381,sryce4k@hostgator.com
166,Veronike,66,Stockholm,1233690,vbim4l@lycos.com
167,Nappie,36,,3172171,npezey4m@europa.eu
168,Prinz,28,Salvacion,2974998,
169,Daryn,96,Söderköping,3051725,
170,Valaree,91,Croix,4657686,vbedboro4p@etsy.com
171,Rafaelia,,Postira,3782110,rgotcliff4q@salon.com
172,Roosevelt,,Zapolyarnyy,4741741,
173,Tessie,,Straszyn,4944113,tegdale4s@shareasale.com
174,Klaus,43,Alikalia,3138390,klong4t@blogs.com
175,Ashlan,58,Laon,4364318,amound4u@google.de
176,Kathie,,Garies,2763739,kkinavan4v@histats.com
177,Lynelle,84,Panganiban,4379626,
178,Sallyann,26,Jangkat,2635346,silsley4x@epa.gov
179,Torr,96,Donskoye,2112617,
180,Iona,61,Vishnyeva,1327302,ispearman4z@blinklist.com
181,Paxon,,Cho-airong,1028618,pgilstoun50@hud.gov
182,Samuel,,Xianju,3214600,spantlin51@imdb.com
183,Florina,90,San Isidro,1099257,fatthow52@constantcontact.com
184,Annmarie,,Netishyn,4399922,ahughlock53@apache.org
185,Bentlee,22,Leiwang,1089796,bhrihorovich54@arstechnica.com
186,Rosalynd,44,Balud,2956363,rbehn55@drupal.org
187,Karol,88,Sedkyrkeshch,4424030,kpilsbury56@xing.com
188,Doe,73,Horodnya,2289215,dleades57@skype.com
189,Hanna,29,,2215786,hbruins58@ox.ac.uk
190,Micky,62,Salamwates,4497281,mtuxill59@nyu.edu
191,Wileen,85,Banī Khaddāsh,3864349,wwarbey5a@desdev.cn
192,Grier,,Ōkawara,4986200,gbosworth5b@pinterest.com
193,Giustina,68,Santa Rita,,gkerbey5c@photobucket.com
194,Wit,,Saronída,,
195,Thatch,1,La Cañada,,tmowett5e@marriott.com
196,Phaidra,17,Ettal,3487088,
197,Elora,73,Banovo Polje,3664769,
198,Mollie,,Leiling,2590523,mcrooks5h@topsy.com
199,Eric,36,Minapan,2710497,egodby5i@sfgate.com
200,Iolanthe,16,Rakitovo,3659051,iglader5j@icq.com
201,Llywellyn,5,Estevan,4521666,lervin5k@weibo.com
202,Aigneis,23,Kostino,,astiff5l@digg.com
203,Lion,53,Pefkochóri,3913834,lmyton5m@go.com
204,Aguie,66,Petit Raffray,2597177,ashalliker5n@github.com
205,Iolande,,Oujiangcha,1044400,
206,Annemarie,17,,4433301,alovering5p@salon.com
207,Gerard,,Krasnyy Gulyay,2078165,gdunley5q@geocities.jp
208,Barton,62,Chikeng,4165842,bchomicki5r@nba.com
209,Allie,25,P’yŏngsŏng,1389805,apasby5s@un.org
210,Humfrey,97,Gaotang,3345440,
211,Sharla,41,Isyangulovo,1979495,salessandrini5u@hc360.com
212,Helenelizabeth,55,Maria,,hbodell5v@phoca.cz
213,Eugenius,,Nantang,4537201,etommis5w@imgur.com
214,Kimbell,47,Itajuípe,1949962,klindley5x@netscape.com
215,Dante,33,Cape Coast,4857897,dmckeady5y@nsw.gov.au
216,Ruttger,,Fushun,2293549,ryantsurev5z@g.co
217,Trudi,68,Ludvika,1976886,tcabel60@newsvine.com
218,Doreen,36,Banjarwaru,4820126,dhexter61@economist.com
219,Thornton,35,Vila Franca das Naves,,tgergler62@multiply.com
220,Shannon,77,Leiyang,,skollatsch63@twitpic.com
221,Briant,12,Pasco,3443972,bturri64@usgs.gov
222,Ilse,,Tororo,4537171,igreiser65@google.com
223,Dannie,84,Casal da Serra,3349869,
224,Damon,,Duobaoshan,2696109,dmainston67@microsoft.com
225,Truman,11,Porto Martins,3926704,thearsum68@pcworld.com
226,Humbert,50,Sacanta,2602848,hshaddock69@github.io
227,Kelsi,87,Shiziling,4735902,kmacgillacolm6a@multiply.com
228,Arabela,24,Tebara,3288417,
229,Friederike,90,Weiyang,2118291,fbrunelli6c@webs.com
230,Karen,,Kondrovo,2178081,kkloster6d@answers.com
231,Harland,,Vavatenina,3595833,hfitzer6e@w3.org
232,Salome,44,Kunshan,2283351,smence6f@hhs.gov
233,Gina,97,Velká Polom,1435933,ggueste6g@tripod.com
234,Lorri,,Takahagi,2755714,ldouty6h@europa.eu
235,Leticia,90,Chalon-sur-Saône,1730958,lnisot6i@shareasale.com
236,Sabine,91,Oenopu,1989636,sfeasley6j@dropbox.com
237,Evania,68,,4318004,eanslow6k@nbcnews.com
238,Brittany,74,,2199363,
239,Fifi,,Jurh,1215509,flanfranconi6m@npr.org
240,Charity,44,As Sūq al Jadīd,1900711,clamming6n@examiner.com
241,Troy,28,Lubu,3841916,thaycraft6o@army.mil
242,Francyne,,Baishuiyang,3422309,fprendergrast6p@weibo.com
243,Lanae,40,,4061664,ltroni6q@ucoz.ru
244,Irvine,18,Kwidzyn,4144792,ialliberton6r@irs.gov
245,Dulcinea,25,San Casimiro,2378675,dcolloff6s@tuttocitta.it
246,Tracy,42,San Diego,2669468,tglaze6t@studiopress.com
247,Nicki,68,Yanjiang,3307781,
248,Spenser,62,Xiabaishi,4793981,srihanek6v@facebook.com
249,Ossie,11,Phitsanulok,2467770,obamb6w@mayoclinic.com
250,Hayley,40,Xicheng,1725965,hmountjoy6x@webnode.com
251,Ettie,,Guararema,2782171,ebrownjohn6y@ted.com
252,Yvor,34,Ratchasan,1614442,ybrachell6z@about.com
253,Lemmie,7,Castañas,3414265,lwarry70@elegantthemes.com
254,Justina,,La Guama,4141688,
255,Tades,,Tumba,1157841,tragsdall72@mtv.com
256,Hendrick,,Roxas,,hcotherill73@theatlantic.com
257,Gearard,42,Xam Nua,,gsaward74@spiegel.de
258,Gustavo,53,Petersfield,4455275,gconwell75@yelp.com
259,Jonie,30,Babat,2034241,jedeson76@is.gd
260,Lorrie,98,Dahe,3102571,lharvison77@storify.com
261,Elsinore,6,Bebedouro,2000962,emckim78@typepad.com
262,Anett,,,4976822,apreskett79@ifeng.com
263,Sophia,6,Lianpeng,1900649,smcelhargy7a@cmu.edu
264,Stevena,62,Krasnaya Gorka,1677393,samerici7b@list-manage.com
265,Nicky,,Tampa,1945696,
266,Kellyann,,Bungo-Takada-shi,4648998,kkilshall7d@ca.gov
267,Erskine,45,Yecun,4862793,erosterne7e@cmu.edu
268,Georgeanna,85,Thị Trấn Hà Trung,4519436,gguerry7f@goo.ne.jp
269,Fletch,85,,4539882,fnarramore7g@marketwatch.com
270,Olympie,45,Quebo,1732799,ocussins7h@tuttocitta.it
271,Pammi,5,Panao,2594570,plucio7i@freewebs.com
272,Ginelle,15,Huwan,1810767,gbreawood7j@yahoo.com
273,Chaddy,38,Liudu,3906824,croakes7k@cocolog-nifty.com
274,Sven,55,Tsant,2282476,sgrewar7l@ihg.com
275,Elianora,53,Diadi,,
276,Blake,48,Jiukeng,4822480,bkleine7n@purevolume.com
277,Patrizia,90,Yuyao,1492340,prysdale7o@bloglovin.com
278,Saundra,35,Fier-Çifçi,2014324,ssinclar7p@mit.edu
279,Aldon,67,Um Jar Al Gharbiyya,,amacshirie7q@privacy.gov.au
280,Trixie,95,Puerto La Cruz,2120968,thamal7r@hatena.ne.jp
281,Ingaberg,64,Lacolle,1844893,icastille7s@fda.gov
282,Quintina,,Heret,1656677,qhannis7t@github.io
283,Regen,,Ar Rawḑah,2987156,rscanderet7u@instagram.com
284,Fanchette,,Fengle,3926755,fmcchruiter7v@bloglines.com
285,Roda,,Wangqu,4018475,relton7w@nsw.gov.au
286,Darelle,,Bazha,1235816,dphillins7x@mtv.com
287,Leonore,,Ngulakan,2657865,lteather7y@deliciousdays.com
288,Mercy,,Xiaji,4263551,mbozward7z@bbc.co.uk
289,Jeniffer,72,Vallentuna,2684973,jduckinfield80@walmart.com
290,Aili,68,Hrvatini,3798975,akinworthy81@goodreads.com
291,Mireille,15,Luzhany,4649543,
292,Ware,75,Shangcai Zhongxing,2427899,whanssmann83@bloglines.com
293,Annabelle,53,Chaowai,1689587,abenoiton84@yahoo.com
294,Dehlia,14,Chengzhai,1714229,
295,Elliot,44,Veisiejai,3321549,elates86@fema.gov
296,Foster,90,Balayang,4273223,fhowden87@goo.gl
297,Loleta,,Alíartos,2712848,lmacdearmaid88@ucoz.com
298,Sig,65,Zubrzyca Dolna,,soldham89@wikimedia.org
299,Rene,69,La Romana,1839437,relfe8a@aol.com
300,Verena,34,Nagoya-shi,,vteliga8b@gnu.org
301,Aleksandr,,Santa Catalina,2849354,afollis8c@bing.com
302,Orren,24,Dami,1820225,obyrch8d@photobucket.com
303,York,,Tumba,2336977,ychallice8e@mapy.cz
304,Tracie,70,Huddinge,2292144,tgookey8f@google.fr
305,Vickie,77,Tanda,4039293,vnanninini8g@indiegogo.com
306,Lyndsey,13,Bwizibwera,3072496,ltalbot8h@yahoo.com
307,Didi,,Strängnäs,2676609,dthorndale8i@blogs.com
308,Dilan,72,Utkivka,4928282,dfasse8j@cafepress.com
309,Hiram,97,,3836643,
310,Davina,14,Jawf al Maqbābah,3791136,drumbelow8l@simplemachines.org
311,Aland,1,Cabrero,2446091,atraut8m@mtv.com
312,Kaleb,91,Guayaramerín,4810906,kdiss8n@howstuffworks.com
313,Sollie,,Thành Phố Uông Bí,,smoulton8o@mayoclinic.com
314,Sawyer,66,Pil’na,4531237,sshaves8p@vkontakte.ru
315,Regen,,Créteil,2161329,
316,Kinna,35,Qiansuo,,
317,Costanza,18,København,4964329,
318,Jeremiah,79,Letpandan,4085707,jpettko8t@fema.gov
319,Isidro,28,San Esteban,4572795,igoodrum8u@mac.com
320,Talya,35,,4532597,tflux8v@craigslist.org
321,Dwain,50,Ngepoh Kidul,3882163,dpavlenko8w@geocities.com
322,Kennett,,Örebro,1855322,khonatsch8x@nyu.edu
323,Allin,,Sigayevo,1876781,ahemphall8y@unicef.org
324,Corine,70,Kalipucang,2579302,cbartaletti8z@linkedin.com
325,Sharline,53,Youdian,3548830,ssleightholm90@deliciousdays.com
326,Loren,6,,3581582,lmewett91@myspace.com
327,Andi,19,Dejilin,,awickliffe92@domainmarket.com
328,Lizbeth,96,São José de Mipibu,1881921,lsemour93@about.me
329,Tamera,78,Huai’an,4559804,thugnot94@cocolog-nifty.com
330,Kinny,84,Postřekov,1016423,kbeardow95@bigcartel.com
331,Roosevelt,100,Senglea,,rpretious96@rambler.ru
332,Rochette,79,Panguipulli,2155597,rogger97@tamu.edu
333,Audy,,Jadowniki,,aireson98@wikispaces.com
334,Harman,74,Dos Quebradas,4212917,hbarnfather99@upenn.edu
335,Dolf,75,Gorē,4522277,djeacocke9a@barnesandnoble.com
336,Teodora,,Jifarong,,tgardener9b@comsenz.com
337,Linea,85,Huangmu,2200308,ldehn9c@geocities.jp
338,Sharona,23,,3129330,
339,Bryon,38,Rancapare,3756259,bbeament9e@youku.com
340,Bill,3,Pirallahı,1472900,bpitkin9f@google.com.hk
341,Donia,53,Baon,3949352,
342,Steve,35,Xilin,1295401,sdaniel9h@cnet.com
343,Tamqrah,57,,3340290,tpedroli9i@ameblo.jp
344,Bianka,52,Bader,4573603,bwille9j@cocolog-nifty.com
345,Cheri,72,Bagakay,1475628,cbraisby9k@sakura.ne.jp
346,Travers,,Tokombere,,thoundsom9l@wiley.com
347,Marci,67,Tsukumiura,1578135,mread9m@ehow.com
348,Karlene,82,Dingcheng,4455914,kmenichini9n@netvibes.com
349,Liza,17,Tsaghveri,4714686,lbreinl9o@so-net.ne.jp
350,Robinett,100,Ipoti,2347928,rbutteris9p@de.vu
351,Jereme,78,Palaiomonástiron,4249637,jrodliff9q@digg.com
352,Berne,,Staré Město,1331482,barnoll9r@domainmarket.com
353,Lazaro,89,Macarse,4796570,lgarfath9s@woothemes.com
354,Perice,,Feicheng,,pbangham9t@ow.ly
355,Noel,14,Baru,1759583,nwellbank9u@is.gd
356,Micky,86,Choma,3002656,mcardozo9v@independent.co.uk
357,Theresa,35,Tohong,3540963,tgadie9w@hhs.gov
358,Pippy,33,Belang,1949856,paishford9x@columbia.edu
359,Miof mela,43,Mercedes,2724201,mplumstead9y@reddit.com
360,Netty,41,Áyioi Apóstoloi,4592940,nelphee9z@domainmarket.com
361,Shamus,,Cibiru,4846647,sphilipparda0@yahoo.co.jp
362,Jilly,81,Tyumen,1970182,jdejuaresa1@zimbio.com
363,Levon,86,Yongping,1208412,lkerrigana2@nih.gov
364,Cheslie,39,Wujian,3413654,
365,Xylina,20,,3185893,xralestona4@lulu.com
366,Adolphe,5,,3983440,ahulla5@nifty.com
367,Edi,80,Vermelha,3124716,edrakesa6@adobe.com
368,Meryl,53,Muaralembu,4724525,mdeningtona7@123-reg.co.uk
369,Bram,91,Ranot,3013104,bkincadea8@baidu.com
370,Nick,57,Lughaye,,nmatchama9@rakuten.co.jp
371,Roberto,,Nyeri,4986987,
372,Johnnie,99,,2412077,jcowapab@lycos.com
373,Guinna,8,Agen,4678177,gdicteac@redcross.org
374,Munroe,85,Jiading,2308795,mmorettoad@google.ru
375,Giffie,29,Lyon,3699983,gblanchetteae@cdc.gov
376,Inger,96,Stung Treng,,irepperaf@blogger.com
377,Hobart,52,Rios Frios,3660641,hendag@nasa.gov
378,Fancie,,Paris 06,4839082,fportwaineah@godaddy.com
379,Gaby,50,Longcun,,gpockai@blogspot.com
380,Gretal,51,Dongli,4025778,gbrancaaj@smh.com.au
381,Pamelina,77,Los Angeles,,pberneyak@theglobeandmail.com
382,Lorelle,14,El Cantón,2182392,lrivenzonal@shutterfly.com
383,Merle,88,Mojolampir,3991543,mdanneilam@ft.com
384,Darcy,53,Suining,1321263,
385,Theo,69,Lewodoli,2349593,
386,Ivor,,Aguitu,1057015,iellingtonap@sphinn.com
387,Julieta,,Cáchira,1004628,jvlasyukaq@twitpic.com
388,Evangelin,26,Zambrów,4030858,eferbyar@amazon.de
389,Lelia,76,Wenhe,3668863,lstaceyas@eventbrite.com
390,Melisa,89,,1357021,mkingsmanat@usnews.com
391,Arleyne,,,3027338,abirdenau@java.com
392,Xenos,6,Somanda,2325352,xambroginiav@github.io
393,Patrick,44,Nanjin,2813235,pwealthallaw@csmonitor.com
394,Shelli,,São Paulo de Olivença,4930531,
395,Guntar,,Tualeu,1082795,gschachay@mashable.com
396,Tracy,98,Phú Khương,2036369,
397,Neill,5,Salgado,1296068,nperisb0@china.com.cn
398,Gertruda,90,Pasarkuok,3041905,gklulikb1@behance.net
399,Perren,20,Mîndreşti,1692082,pmottob2@pen.io
400,Madge,,Sajan,1394099,marndellb3@mit.edu
401,Shanta,76,Charleston,2517349,ssoutenb4@disqus.com
402,Freddi,41,Simões Filho,2639521,flafayeb5@vinaora.com
403,Oates,12,Xiaji,3900768,otumeltyb6@xrea.com
404,Christa,52,Velké Hoštice,1829147,cbroadleyb7@prlog.org
405,Shermy,55,,2954725,sjellybrandb8@canalblog.com
406,Mignonne,79,Whittlesea,4519835,mcocksb9@cbslocal.com
407,Naoma,28,Artemisa,4317775,nlitsterba@booking.com
408,Dorisa,56,Kuilehe,2204893,dtapsellbb@tripadvisor.com
409,Peter,3,Bol,2966650,pscrangebc@quantcast.com
410,Hallie,6,Aghavnadzor,3799752,hdattebd@free.fr
411,Ignaz,70,Baş Göynük,4242716,imcnicolbe@mapy.cz
412,Eachelle,98,Baxiangshan,4093362,eparamorbf@paginegialle.it
413,Merlina,,Huntington Beach,,mpatybg@pen.io
414,Malina,73,Santo Tomás,4028415,mcasolbh@1und1.de
415,Nat,100,Lianrao,2767274,
416,Willard,96,,1902534,wcrumbybj@123-reg.co.uk
417,Wendie,6,Naji,4951932,wquaintonbk@nih.gov
418,Tawnya,91,Shenavan,4278178,tkmicickibl@nature.com
419,Ryann,23,Cortinhas,2342366,rwelldrakebm@cmu.edu
420,Basilius,32,Miejsce Piastowe,,bpetrulisbn@yolasite.com
421,Faber,68,,2766658,feddowbo@alexa.com
422,Lanie,50,Tála,3332639,ljuzekbp@ustream.tv
423,Buck,73,Lolayan,4865154,bduerbq@angelfire.com
424,Gilberto,,Riđica,1332135,gtriggolbr@adobe.com
425,Lorry,,Hikkaduwa,1574234,lpingbs@arstechnica.com
426,Archaimbaud,89,Huangtan,2691600,apimbleybt@angelfire.com
427,Bert,12,Qiantang,4950305,bbinghambu@utexas.edu
428,Chad,86,Vista Alegre,3337693,cmacsorleybv@craigslist.org
429,Tierney,,Shali,3669860,tgannicleffbw@opera.com
430,Marylou,54,Arvika,4636511,matkynsbx@chicagotribune.com
431,Tobe,15,Newark,4938223,tgroobyby@springer.com
432,Blake,6,New Pandanon,2104369,bthomtonbz@cafepress.com
433,Nara,92,Oued Lill,1158610,nblacksellc0@unblog.fr
434,Nariko,42,Reshetylivka,2823757,ngouinlockc1@ted.com
435,Madison,98,,4827875,mmeadmorec2@alexa.com
436,Adelaide,,Privodino,2508185,
437,Samuele,70,,4041943,ssheftonc4@yellowbook.com
438,Sharyl,,Andros Town,1294030,sgirathsc5@360.cn
439,Laina,15,Hetou,4853098,ldobbingsc6@bloomberg.com
440,Perry,75,Kuncen,4883781,
441,Stevie,20,San Martín,4698780,sceaplenc8@wikimedia.org
442,Matilda,72,Yantian,,mbuglassc9@seesaa.net
443,Cinderella,100,San Antonio,1198433,cmorrittca@omniture.com
444,Madelin,9,Cachadinha,2079885,
445,Danyelle,23,Ðà Lạt,4368387,dcharmancc@github.com
446,Thaxter,80,Zaozerne,1248021,tcurtaincd@phpbb.com
447,Diena,35,Lubin,4811256,drippince@ftc.gov
448,Korney,16,Sovetskoye,1372021,kbrindlecf@wufoo.com
449,Tripp,52,Karakul’,3324727,temtagecg@cbsnews.com
450,Hurleigh,,Maoming,1968110,hsemeradovach@pen.io
451,Hart,13,Al Ḩashwah,,hdeverilleci@fotki.com
452,Rosemarie,83,São Miguel do Iguaçu,4997903,rkilcullencj@census.gov
453,Fabio,24,Huogezhuang,2950859,fgalvanck@issuu.com
454,Ashli,29,Lisakovsk,4791485,amacmeekingcl@chron.com
455,Joane,3,Oubei,1969115,jdalycm@indiatimes.com
456,Devi,38,Tsybulevka,4112171,
457,Barbette,,Ban Na Muang,2066614,breeveco@dell.com
458,Traver,4,Parobé,,tkleingrubcp@yandex.ru
459,Tabb,,Brahin,1712815,tjohantgescq@1688.com
460,Heywood,39,Baiyang,,hbuddlescr@marketwatch.com
461,Winnie,93,Aurora,2062918,wpresnallcs@scientificamerican.com
462,Emlynne,44,Kameda-honchō,2712950,edowbekinct@list-manage.com
463,Shaughn,83,,2687250,sribeirocu@infoseek.co.jp
464,Bay,67,Sanzhang,3810302,bdeyecv@bizjournals.com
465,Hilliard,40,Sinajana Village,1233881,hmocquercw@360.cn
466,Ardith,58,Tallahassee,1875676,akermitcx@so-net.ne.jp
467,Stephanus,40,Oklahoma City,4811253,smunciecy@google.it
468,Willamina,52,Blatná,4990759,wbouchercz@globo.com
469,Melissa,35,Huta Stara B,3241327,mhuriched0@nifty.com
470,Ellary,63,Jūrmala,4517922,ebiltond1@si.edu
471,Tabbi,27,Koshigaya,1313440,tprazord2@geocities.com
472,Megen,87,Paratinga,2142922,
473,Pete,66,Zhamog,2130515,ppaybodyd4@disqus.com
474,Carol-jean,64,Achadinha,3253870,
475,Hort,27,Gaibei,4375453,
476,Townsend,41,Almere Stad,,tpoped7@umn.edu
477,Fabe,20,Vybor,1915673,fsinesd8@diigo.com
478,Dulcie,84,Cahuac,3908485,dmiliusd9@elegantthemes.com
479,Edmund,,Tomobe,1645381,ereinda@instagram.com
480,Thebault,42,Da’an,4830610,tbiggsdb@myspace.com
481,Alexandr,56,Barice,4687316,
482,Nolly,,Abū Qalqal,,nspellessydd@mail.ru
483,Halimeda,26,Huating,1820102,hkreberde@statcounter.com
484,Donal,,Hangkou,2035855,dmissendf@lulu.com
485,Ardith,71,Panawuan,2530138,aarthursdg@feedburner.com
486,Zebulen,98,Mueang Nonthaburi,4557227,zmcalarneydh@smugmug.com
487,Ingaborg,79,Sandia,4838434,icollopdi@lulu.com
488,Constancy,73,Xinyang,3137666,cgatheridgedj@amazon.de
489,Jemimah,49,Siqu,2517836,jmcluckydk@dell.com
490,Rochell,,Fifi,2575702,rbartoszewskidl@comcast.net
491,Howie,82,Molchanovo,2107279,htosselldm@webeden.co.uk
492,Guilbert,97,Kawasaki,1334530,gbassetdn@webeden.co.uk
493,Roth,,Bakar,3265977,rmcilroydo@bloomberg.com
494,Jane,11,San Agustín,4049576,jneavesdp@cyberchimps.com
495,Benny,,Arras,2117090,bmcrobbdq@ovh.net
496,Pepito,52,Jiulian,3391529,pblakemandr@umich.edu
497,Torrance,86,Osiedle-Nowiny,2383139,tvittorids@squidoo.com
498,Gabriello,18,Khodzhi-Gasan,1136365,gclorleydt@devhub.com
499,Denny,90,Yidao,2491196,dfosdykedu@ucoz.ru
500,Hadria,45,Lishan,4726830,hdebischopdv@histats.com
501,Rosabel,97,Santiago Puringla,1954991,rbaumanndw@barnesandnoble.com
502,Sheffield,22,Chok Chai,2666095,sbichenerdx@pcworld.com
503,Evy,1,Gagarin,2971858,eskehandy@earthlink.net
504,Osmond,91,Hebi,1427824,opecholddz@uiuc.edu
505,Ricardo,,,1777074,rchevinse0@oracle.com
506,Yevette,74,Dayangzhou,1148913,yclemense1@ucla.edu
507,Priscilla,56,Viña del Mar,4424302,pfromante2@free.fr
508,Gaylord,26,Xuexi,1731546,gcuttlese3@nytimes.com
509,Tybie,83,Mayong,4928755,tphillcocke4@com.com
510,Neall,76,Amuntai,4827861,
511,Saidee,,Ndano,4412158,sajeane6@msn.com
512,Rosmunda,,Bačka Topola,2904589,
513,Hurleigh,20,Alfenas,4181858,hcrushame8@skyrock.com
514,Lurlene,28,Thị Trấn Thanh Lưu,2086849,
515,Halette,48,Keroak,1720253,
516,Penn,97,Malpique,2114031,prymilleb@mlb.com
517,Dorothea,67,Tangyin,2630176,dhamberstoneec@businesswire.com
518,Kimberly,,Tarnowiec,4706174,kgebhardted@goo.gl
519,Miles,98,Qingnianlu,1211354,msaintpierreee@baidu.com
520,Hew,29,Jämsänkoski,2612920,
521,Kienan,,Gaojia,2676282,kbachniceg@ucsd.edu
522,Coralyn,,Saryg-Sep,3293906,cwathelleh@uol.com.br
523,Zonnya,34,Shicha,4899490,zprierei@rediff.com
524,Samuel,19,,4876737,sgrivoriej@businesswire.com
525,Alvina,,Venda Nova,2773203,amanifieldek@economist.com
526,Carry,83,Dicamay,1205285,churleyel@wunderground.com
527,Quintus,20,,1674641,
528,Donal,88,Rayside-Balfour,3133613,dhoverten@businesswire.com
529,Ginni,24,,1690095,gspennockeo@hc360.com
530,Shermie,36,Gornje Moštre,3299679,sgraystonep@fda.gov
531,Farrell,94,Kresek,2094444,fcaulcotteq@intel.com
532,Phillipp,,Xiaolukou,3228383,pcoramer@paypal.com
533,Ignazio,10,Novo Selo,1574733,ibamletes@joomla.org
534,Irena,15,Daxin,,iderwinet@va.gov
535,Poppy,62,Glugur Krajan,2982172,pklimczakeu@indiatimes.com
536,Rooney,,Nizhnyaya Tura,,rwernerev@hibu.com
537,Zebulen,73,Longsha,3058169,zebdenew@auda.org.au
538,Mair,95,Yantian,3980695,msavellex@domainmarket.com
539,Suzanne,33,San Pedro Masahuat,2809266,sanerseney@skype.com
540,Nell,61,Newport,2359667,nreallyez@gizmodo.com
541,Blythe,,Kapyl’,3094257,
542,Valaria,34,Rizal,4147493,vvaunf1@toplist.cz
543,Rori,,Al Ḩāmūl,2482957,
544,Jillane,24,Gamawa,1957239,jbreffitf3@tiny.cc
545,Sigrid,47,Putrajaya,2022959,sarnaldif4@example.com
546,Amalia,,Santa Cruz De Tenerife,1786971,ablindmannf5@chronoengine.com
547,Reuven,12,São Martinho,2405864,rsymingtonf6@newyorker.com
548,Catlin,85,Omsk,1149916,cmurtimerf7@sciencedaily.com
549,Reina,,Sumberkertokrajan,3609440,rsancroftf8@slideshare.net
550,Kelsey,77,Salento,3299875,kkleinertf9@google.cn
551,Merle,42,Batakte,,mpetrenkofa@miitbeian.gov.cn
552,Delainey,24,,4165668,donslowfb@jugem.jp
553,Kassandra,26,Tetyushi,3227673,kbakefc@cnet.com
554,Adam,93,Clarin,4399992,acastledinefd@squidoo.com
555,Basia,32,Battaramulla South,4537764,bkimbleyfe@ucoz.ru
556,Gabriela,28,,4786330,
557,Arlyn,58,Paraíso,3198212,
558,Ainslie,,Wum,4709464,ayureninfh@businessweek.com
559,Grantley,11,Chambéry,3735395,gmacquakerfi@usda.gov
560,Camey,11,,4877761,cegglesonfj@so-net.ne.jp
561,Ardeen,,Saint-Avertin,3777900,aironsidefk@sohu.com
562,Livy,80,Täby,2316307,lmatisfl@live.com
563,Giffer,43,Eg-Uur,4120902,gocrowleyfm@archive.org
564,Edward,69,Al Maḩallah al Kubrá,,espibyfn@abc.net.au
565,Vito,50,Xiangyang,,
566,Whit,3,Konice,4060648,wmccurlyefp@amazon.com
567,Richmound,,Sulyukta,3680750,rkernarfq@ftc.gov
568,Pearle,49,Macedo de Cavaleiros,1495992,psimoninfr@mozilla.com
569,Fannie,61,Borovan,2205952,fshortefs@chronoengine.com
570,Petronella,46,,4642868,pskeltonft@ucoz.ru
571,Bartlett,83,Priargunsk,1360565,bnevillfu@hc360.com
572,Sharyl,,Nanjing,4772316,
573,Paquito,98,,4652434,pskedfw@myspace.com
574,Atalanta,25,Wakayama-shi,4458543,
575,Hildy,52,Chimtāl,1382343,hdeeleyfy@issuu.com
576,Ardis,14,Tankhoy,3117078,aodennehyfz@loc.gov
577,Jillane,50,Mehendiganj,2461758,
578,Armando,,Birnin Kebbi,2929582,asiveterg1@people.com.cn
579,Hubie,83,Annan,2130613,hantonognolig2@yellowbook.com
580,Legra,31,Umeå,,ldonnersbergg3@tmall.com
581,Brandy,,Barra de São Francisco,1671126,bbartellig4@economist.com
582,Aurilia,90,,4868517,ashillidayg5@delicious.com
583,Darren,,Sukamulya,4934890,
584,Amelia,17,Vabalninkas,3866736,abooyg7@mapy.cz
585,Balduin,,Dobryanka,4996704,bbarchrameevg8@woothemes.com
586,Babs,81,Leiria,3524905,blygoeg9@diigo.com
587,Justina,1,Krasnyy Profintern,1739869,
588,Elyssa,62,Del Pilar,1143296,esmidmoregb@stumbleupon.com
589,Bobbette,36,Trudobelikovskiy,1860603,bgandargc@scribd.com
590,Giustina,3,Zhouyuan,,gsweedygd@slashdot.org
591,Trumann,74,,4650168,
592,Garnette,94,Fusagasuga,4796631,gbechegf@aol.com
593,Murry,80,,1690338,mbarrackgg@sogou.com
594,Angelika,62,Budënnovsk,2265492,aluffmangh@comsenz.com
595,Jessee,98,Jetafe,,jdudlestongi@wordpress.com
596,Kaleena,52,Oster,3380002,kvongrollmanngj@youku.com
597,Merill,,Huiwan,1040993,
598,Kile,76,Sarzedo,1432990,knajafiangl@ehow.com
599,Jordon,7,Straszyn,2405465,jmacklingm@theatlantic.com
600,Marcela,6,Devin,2062655,mlovegn@seattletimes.com
601,Dalli,28,Nîmes,4542036,ddarwingo@ucla.edu
602,Bonita,49,‘Abasān al Kabīrah,2677449,bwetherilgp@squarespace.com
603,Dorry,83,,2019142,dframegq@tripod.com
604,Eloise,51,Bago City,1344180,ebelvardgr@netvibes.com
605,Rani,,Bobowa,3357185,rbeddinghamgs@baidu.com
606,Cull,83,,1230507,cputleygt@myspace.com
607,Emelda,55,Gikongoro,1182903,etaceygu@marriott.com
608,Torre,74,Topolovgrad,2535328,thardsgv@chron.com
609,Fayth,69,Sop Pong,3557413,foakenfieldgw@istockphoto.com
610,Valle,4,Baryshevo,,vcordiergx@wordpress.org
611,Darcie,59,Mirsk,4703367,dfarningy@wikipedia.org
612,Cordelia,94,Bungsuan,1825461,cdonngz@discuz.net
613,Sibeal,,Guanagazapa,4661444,
614,Jenica,45,Repnoye,2448149,jsiretteh1@amazonaws.com
615,Gabrielle,,Hezhi,3627876,gjoddensh2@fema.gov
616,Hortensia,79,Nýdek,,
617,Merla,37,Washington,1809698,mblincoh4@feedburner.com
618,Field,3,Srebrenica,4322424,
619,Chelsy,94,Bongsri,1619333,cburfitth6@chicagotribune.com
620,Ave,91,Miura,3077746,amcgillecoleh7@google.ca
621,Wendie,58,Shah Alam,2043756,
622,Katherina,28,Zhendu,1060807,ksedgebeerh9@mlb.com
623,Ally,74,Kamenka,4660489,aodochertyha@domainmarket.com
624,Marlane,47,San Carlos,4373916,manfossihb@godaddy.com
625,Gilbert,,Kabinda,2883185,
626,Irvin,77,Clodomira,2959221,iledamunhd@apache.org
627,Rod,,Ghurayd Gharamē,2120915,rtomekhe@indiatimes.com
628,Prentiss,37,Tây Ninh,2405839,ploftinhf@google.es
629,Marcello,31,,2966036,mworhamhg@fotki.com
630,Marleah,,Gasan,1275158,mpigramhh@cbslocal.com
631,Xever,29,Gordon Town,3053480,xdelchecolohi@tinyurl.com
632,Sallee,56,Sandu,1371625,scornelshj@dion.ne.jp
633,Nixie,63,Malapaubhara,2959153,nyaldenhk@scribd.com
634,Janeczka,61,Yerba Buena,,jhazeldinehl@epa.gov
635,Minda,,Uppsala,1371862,mhedonhm@theguardian.com
636,Mitch,63,Ciervo Petiso,3783521,minstonhn@mapquest.com
637,Geri,,Mehtar Lām,3310765,gdecarloho@360.cn
638,Beverlee,75,,4942165,btaffreyhp@dedecms.com
639,Kelsy,48,Dingjiayao,4033594,kmallenderhq@blogger.com
640,Leonie,53,Luotuo,4713334,lbeacrofthr@time.com
641,Joni,2,Aragua de Barcelona,4026011,jlerouxhs@cnbc.com
642,Casey,91,Nuwaybi‘a,3040500,cbrinsfordht@bloglines.com
643,Aggie,64,Krajan Sumberanget,1554695,
644,Dorella,26,Bera,4154082,dtretwellhv@nifty.com
645,Wolfy,89,Pendawanbaru,2866057,wnehlsenhw@google.com.au
646,Micky,71,,4884956,
647,Neely,33,Jiubao,4782303,nguislinhy@timesonline.co.uk
648,Francine,69,Knivsta,1818957,fsyplushz@zimbio.com
649,Trstram,42,Xiaojian,3111221,tphebeyi0@163.com
650,Federica,,Lgota Wielka,4029881,fashdowni1@pagesperso-orange.fr
651,Ermentrude,34,Kalisangkrah Lor,1646659,ecromleholmei2@eepurl.com
652,Barret,78,Vilhelmina,1471296,bscatesi3@constantcontact.com
653,Arin,33,Ljusdal,3911333,arehmei4@stumbleupon.com
654,Athena,67,Tasböget,1097006,aarchi5@example.com
655,Anita,45,Iguatu,2401836,
656,Wainwright,77,Puerto Guzmán,4587583,wcunnahi7@un.org
657,Earlie,52,Maco,2766245,eclemenzoi8@mtv.com
658,Lynde,63,Vinha,4485729,ljorioi9@twitpic.com
659,Marsiella,3,Paine,2522221,mstubbsia@a8.net
660,Robbert,,Ribafria,,rsmallpeaceib@google.com.au
661,Fin,,Wetzlar,3124967,fglidderic@last.fm
662,Isadore,5,Bodzechów,3940043,
663,Shoshana,,Drammen,3413200,sgottelierie@smugmug.com
664,Valerie,76,Tianfen,3616120,vbarrassif@miibeian.gov.cn
665,Nertie,8,Pavlivka,3793643,ngristockig@clickbank.net
666,Andris,86,Chợ Mới,3556625,aligertonih@yahoo.com
667,Maynard,85,Church End,,mclutheramii@google.ru
668,Meagan,67,Daugavgrīva,4510152,mbindleyij@yellowpages.com
669,Theobald,34,Wangon,4280266,
670,Chandal,43,Tlučná,,
671,Garfield,,Bourg-en-Bresse,2794024,
672,Ken,13,Quận Sáu,1495166,ksoutherillin@cloudflare.com
673,Elvina,3,Jiangning,4116892,evellaio@51.la
674,Dorian,61,Zakliczyn,3336001,dchaperlingip@hao123.com
675,Perceval,,Llama,1675043,pbattailleiq@yellowpages.com
676,Norina,57,Waikambila,2850858,
677,Catharina,58,Nîmes,4371317,cswadlingis@forbes.com
678,Emanuel,,Cascavel,4983332,
679,Georgine,34,,1066002,ghainiu@pagesperso-orange.fr
680,Kata,,Fontana,2017097,kpettsiv@unicef.org
681,Jany,86,Mölnlycke,4627697,jbowcockiw@sun.com
682,Sigismundo,,Semarapura,,
683,Robina,27,Pondaguitan,3775945,rcolpusiy@privacy.gov.au
684,Flinn,70,Tân Trụ,3923546,flattyiz@archive.org
685,Abbye,49,Cataguases,,
686,Kienan,33,Neqāb,1365254,kmumbrayj1@illinois.edu
687,Doug,68,‘Awartā,1242652,dstittj2@mtv.com
688,Leonardo,84,Nogueira,3237397,llancleyj3@webnode.com
689,Beverly,13,Bang Sai,2241456,
690,Jamill,62,Marne-la-Vallée,1243357,jtiebej5@phpbb.com
691,Frankie,73,Toulouse,2835501,fsterlingj6@storify.com
692,Aurelea,10,,2340870,
693,Solly,63,Murillo,2507855,sbattersonj8@bing.com
694,Robbyn,,Parang,3732333,
695,Kalina,69,Kalasin,4983250,kawcoateja@discuz.net
696,Modestia,60,Erhe,,mescottjb@mtv.com
697,Pavia,13,Citeguh,2156678,pwrennalljc@networksolutions.com
698,Kirsteni,80,Karakol,4582304,kcurpheyjd@digg.com
699,Jeralee,91,,,jgobyje@de.vu
700,Gregor,12,Camajuaní,2323243,gjelfjf@hibu.com
701,Catarina,37,Manoel Urbano,2719554,
702,Humbert,40,Ust’-Omchug,3018124,hketcherjh@delicious.com
703,Cassius,,Pak Thong Chai,1832027,ctanguyji@over-blog.com
704,Sebastian,3,Lianhe,2485705,
705,Whitman,51,Quarteira,2737973,wmurrajk@unc.edu
706,Zaccaria,7,Pagnag,3813265,zscogginsjl@msn.com
707,Junie,10,Lianghekou,3410998,jbeynkejm@sbwire.com
708,Anthiathia,55,Bene 'Ayish,2618702,afredajn@cyberchimps.com
709,Shae,36,Mudanjiang,4520455,sgolsworthyjo@weebly.com
710,Thekla,91,Cihampelas,2431705,ttaggjp@wikia.com
711,Peterus,90,Cochrane,2027185,phymanjq@gmpg.org
712,Moselle,84,,1371174,mfoyejr@diigo.com
713,Chicky,75,Qingshanhu,2170293,cchickenjs@chicagotribune.com
714,Korney,43,Wattala,3610557,kgiacubbojt@gov.uk
715,Shawna,2,Babahoyo,3011537,spilipetsju@howstuffworks.com
716,Buiron,82,Mainque,,bdemongejv@php.net
717,Jackson,88,Loangmaka,4473892,
718,Nada,97,Longmenfan,2002201,nkopeckajx@51.la
719,Rebe,45,An Châu,2841094,rweekesjy@wsj.com
720,Gayle,78,Wiphawadi,2331381,ggrenfelljz@icio.us
721,Maurise,58,,1674892,mcristofolk0@blog.com
722,Agnella,76,Senanga,4138343,acullumk1@narod.ru
723,Xaviera,73,Rybno,4159880,
724,Shaun,30,Tullinge,4771595,smackeegk3@pen.io
725,Agustin,65,Yidu,3437153,amccloughenk4@usgs.gov
726,Demeter,59,Lirung,4030207,dcorteisk5@ucoz.com
727,Roma,79,Bashtanka,,rtrentk6@arstechnica.com
728,Celestia,88,Aconibe,3701257,cprettyk7@prnewswire.com
729,Stanislaus,82,,2709349,
730,Timmy,,Cirangga Kidul,3669390,tbilstonk9@live.com
731,Chrotoem,26,Sölvesborg,3807886,csandeverka@ca.gov
732,Roldan,,,,rdionisokb@amazon.co.uk
733,Patrica,23,Pingsha,2986930,
734,Marilin,,Ōi,4375932,
735,Joachim,2,Al Qarārah,4027952,
736,Erik,,Qishui,3583705,elillfordkf@businessweek.com
737,Stuart,29,Młynary,3172696,spollastrokg@yale.edu
738,Emmye,,Krasnoarmiys’k,1874311,eshallokh@mapquest.com
739,Haleigh,99,,4287861,hmackiewiczki@disqus.com
740,Ninetta,79,Rusocice,3598876,nportlockkj@narod.ru
741,Welch,,Kuala Terengganu,3846810,waddinallkk@creativecommons.org
742,Taylor,64,Kamru,,touldkl@alexa.com
743,Pearline,59,Yantan,2596470,pfayermankm@cornell.edu
744,Sergent,15,San Francisco de Coray,1641091,soxtibykn@state.tx.us
745,Albert,55,Paldit,4519899,aopieko@forbes.com
746,Briana,55,,,bgurdonkp@auda.org.au
747,Rabbi,99,Gospić,4024399,
748,Bendick,65,Město Albrechtice,2044808,
749,Gabriela,79,El Cafetal,3504035,
750,Melamie,17,Cicayur,2483132,mgodingkt@reddit.com
751,Danya,,Örnsköldsvik,1789925,dlintonku@tripadvisor.com
752,Lorelle,52,Gangjia,4918481,labrahamskv@pagesperso-orange.fr
753,Ly,66,Hernani,3762065,ltookillkw@blinklist.com
754,Shirl,100,Soriano,3387972,simriekx@domainmarket.com
755,Hamel,28,Miguel Calmon,,htaplinky@livejournal.com
756,Tory,74,Casalinho,3419949,tmissonkz@github.io
757,Pembroke,,Nerópolis,1786353,
758,Aurelea,,Zhangcunping,4779502,arowleyl1@dropbox.com
759,Mercy,99,Pochinki,1541844,msalmonl2@tuttocitta.it
760,Zorine,26,San Miguel,2046564,
761,Karolina,46,Pórto Chéli,1537223,
762,Linda,92,Siemianowice Śląskie,2969398,lpiggensl5@nymag.com
763,Rasia,2,Gapan,,rdochel6@edublogs.org
764,Joella,34,Timezgana,1548568,jcristofoll7@cnet.com
765,Karim,23,Leninskiy,2812710,kcorderol8@ycombinator.com
766,Harold,83,,4990853,
767,Kipper,,Shijia,1247906,
768,Trenton,79,Gia Nghĩa,2211141,tdelucialb@spotify.com
769,Lisabeth,53,Shymkent,3833281,lduleylc@unicef.org
770,Jard,88,Ķegums,3125487,jkefordld@boston.com
771,Imogen,28,Rio de Janeiro,4165698,ifranciolile@fotki.com
772,Maribelle,72,Xuân Trường,,mphoebelf@fotki.com
773,Gus,44,Shancheng,3178952,
774,Paloma,93,Zhangjiafan,3651327,psadatlh@independent.co.uk
775,Else,,Cruzeiro,3964324,emaxtedli@arstechnica.com
776,Wallas,54,Kalugmanan,3489755,wduchartlj@oakley.com
777,Shawnee,38,Néa Tríglia,1060367,sfrisellk@irs.gov
778,Benoit,55,Shamboyacu,4037430,bhandoverll@cdbaby.com
779,Lars,60,Jitan,1127594,lstuckfordlm@trellian.com
780,Maye,36,Agustín Codazzi,1578524,mepinayln@vimeo.com
781,Brian,1,Keren,4026475,
782,Hartwell,,Kaset Sombun,3789022,hbreedlp@ask.com
783,Fernande,96,Gelan,4153644,fbrasonlq@amazon.co.jp
784,Keenan,29,Elat,4612259,kcheneylr@macromedia.com
785,Doloritas,58,Emiliano Zapata,3239146,
786,Freddie,17,Muara Siberut,3729090,fclanceylt@bloglovin.com
787,Elysee,88,Burgos,4661644,egresserlu@simplemachines.org
788,Marlene,87,Nicosia,3634549,mkohtlerlv@multiply.com
789,Loleta,76,Novoorsk,2848294,lbrockleylw@ted.com
790,Carri,,Haoba,3436488,cmottolx@flavors.me
791,Adiana,36,Liwan,1497092,adurtnallly@printfriendly.com
792,Karly,68,Chuncheon,4242389,kaccombelz@behance.net
793,Erich,94,Waśniów,4034665,
794,Vilhelmina,81,,2020263,vdunmuirm1@wikia.com
795,Burl,93,Jajar,3648368,
796,Bron,26,Lame,4557409,bneenanm3@usa.gov
797,Heindrick,93,Kołczygłowy,4471532,hacremanm4@sphinn.com
798,Kirby,,La Aurora,3994137,kflellom5@toplist.cz
799,Orv,100,Jatirogo,2888583,ohelianm6@shareasale.com
800,Reggy,46,Arzila,3474698,rtamesm7@redcross.org
801,Dorene,97,Farroupilha,4685928,dkevism8@simplemachines.org
802,Humfrey,,Odienné,1081975,hcarvilm9@goo.ne.jp
803,Jessy,36,Luoxiong,1509562,
804,Nikolai,,Manat,2465173,nbessemb@hugedomains.com
805,Francisca,78,Pujocucho,4627852,
806,Dicky,29,Sarimukti Kaler,,dvanderbaarenmd@sourceforge.net
807,Ronny,29,Toulon,2164486,riddinsme@creativecommons.org
808,Nial,73,Xiaolong,2541370,nantleymf@prweb.com
809,Pat,45,Ulbroka,,pgomezmg@utexas.edu
810,Tyne,39,An Nāşirīyah,1948137,tdecourseymh@dropbox.com
811,Agathe,15,Fatubia,2720381,aorrillmi@baidu.com
812,Ariana,58,Maţāy,3841833,adumphriesmj@photobucket.com
813,Aloisia,13,Yaojiaji,3941861,
814,Erin,,Tamano,4267618,eberanml@virginia.edu
815,Corrie,,Skawica,3232427,cchampainmm@chronoengine.com
816,Nolly,66,Umanggudang,4318719,njimemn@hp.com
817,Barby,,Hefu,1805372,bmathonmo@hubpages.com
818,Leontine,94,Taldykorgan,1984607,
819,Jdavie,74,Al Mawşil al Jadīdah,1458520,
820,Gearard,65,Panguna,3881931,gchallinmr@hubpages.com
821,Carley,,,2038270,cbarlassms@vistaprint.com
822,Emanuel,93,Korba,1272135,eassurmt@is.gd
823,Darcee,12,Pasirmukti,2865142,dwadgemu@purevolume.com
824,Reggie,31,Kibiya,3471647,rkernockemv@scribd.com
825,Sergeant,7,Anningqu,3305399,srampagemw@sourceforge.net
826,Julita,67,Niaojin,1784798,jhurworthmx@yelp.com
827,Colan,,Santiago,3646924,
828,Jenine,46,,2117754,joraffertymz@ifeng.com
829,Dino,76,Seidu,1794147,dlagneauxn0@facebook.com
830,Nickolas,46,Itabaiana,,nmacareen1@washingtonpost.com
831,Debera,97,Dunlewy,2159246,dfrancescoccion2@cyberchimps.com
832,Gabriela,,Ma’ao,1295158,gblumsonn3@topsy.com
833,Dniren,90,Ilihan,4378566,ddunlean4@latimes.com
834,Rosana,81,Kořenov,1474197,rcollyearn5@dyndns.org
835,Saundra,90,Budapest,2997224,sswetlandn6@vinaora.com
836,Lucita,75,Paris 15,3065970,lmarrinern7@columbia.edu
837,Berri,80,,1099836,bribeiron8@dagondesign.com
838,Cy,46,Laocheng,2909474,
839,Bealle,19,Gagarin,,bhyslopna@google.com.br
840,Hilda,1,,1750740,hcaheynb@furl.net
841,Lotta,73,Jiangshan,2100606,ltejadanc@ow.ly
842,Mischa,89,Plalar,3945535,mdukesnd@washingtonpost.com
843,Lavinie,,Sanjiang,2137593,lgrinishinne@smugmug.com
844,Nydia,31,San Francisco de Coray,1660517,nrentcomenf@apache.org
845,Hadleigh,53,Aibura,,hupcraftng@angelfire.com
846,Keri,94,Fort Worth,1698894,
847,Tiphani,34,Rešetari,2969995,tfindersni@nyu.edu
848,Sharity,93,Castleknock,2069980,svalerionj@hibu.com
849,Fee,70,Várzea da Palma,4500650,
850,Merrie,10,Botshabelo,,
851,Immanuel,,Wangpu,,icrabbenm@quantcast.com
852,Wendie,55,Cradock,1339832,waprilnn@e-recht24.de
853,Anni,,San Francisco Zapotitlán,,atiremanno@vinaora.com
854,Godfree,42,Jutaí,1565687,gtracynp@cocolog-nifty.com
855,Kylila,92,Matwaḩ,2973127,
856,Katie,68,Banja Luka,,kminesnr@jalbum.net
857,Oralia,63,Tallahassee,2749270,openimanns@deviantart.com
858,Merissa,66,Changning,2365317,medmondsonnt@salon.com
859,Bibby,58,Nguékhokh,1595255,bkehoenu@reference.com
860,Seth,21,Skalbmierz,1297070,scopcotenv@alibaba.com
861,Forbes,56,Bongouanou,2099423,fmarsdennw@storify.com
862,Randal,,Banjar Delodrurung,,rsawkinsnx@t.co
863,Grant,28,Santa Catalina,2677452,gmcauleyny@miibeian.gov.cn
864,Juli,80,Johogunung,1373324,jdrakardnz@indiegogo.com
865,Ernesta,59,Maguyam,2310300,estranko0@myspace.com
866,Say,71,,4684494,speroneo1@reference.com
867,Arte,75,Lubomierz,1208729,amacruryo2@cyberchimps.com
868,Lorraine,57,Olleros,2444736,lswindleso3@technorati.com
869,Duke,40,Berlin,4243325,dcoulstono4@gnu.org
870,Kennett,54,Pishaj,3039752,khatto5@unicef.org
871,Lynnet,41,Vincennes,4242662,
872,Elonore,63,San José del Guaviare,,emowetto7@reddit.com
873,Hank,,Tomay Kichwa,3116139,hbrandseno8@joomla.org
874,Lissi,84,Paojan,1900808,livashnyovo9@amazonaws.com
875,Filip,87,Rābigh,,fcorkoa@mapy.cz
876,Leigh,33,Pukekohe East,2207192,lstormesob@answers.com
877,Alidia,66,Norak,2922927,ablainoc@csmonitor.com
878,Tara,100,Burträsk,3242732,tkitchinod@psu.edu
879,Coriss,27,Shali,2425762,cyepiskovoe@vistaprint.com
880,Kip,61,Oliveiras,2933778,kstanhopeof@comcast.net
881,Lydie,85,Kastrat,2146478,lbassfordog@storify.com
882,Frederico,85,Chakari,4711536,fseatteroh@webs.com
883,Pennie,36,Gradizhsk,,pleeceoi@msu.edu
884,Seline,27,As Salţ,3432678,
885,Florence,8,,1587173,fheddonok@clickbank.net
886,Lora,24,Italó,3200169,ltomainiol@mail.ru
887,Florentia,2,Brusyanka,1846680,fpedicanom@cpanel.net
888,Gonzalo,21,Čakovec,1124263,gmoricanon@xing.com
889,Garland,91,Lübeck,4703683,gtaaffeoo@liveinternet.ru
890,Ulick,,Noebesa,2777758,ulentschop@dmoz.org
891,Cristionna,,Aleksandrovsk-Sakhalinskiy,4593649,cmerrimanoq@wordpress.com
892,Emmery,46,Tavira,1675221,emulfordor@washingtonpost.com
893,Adams,52,,1540249,
894,Britt,91,Pérama,4840443,bwoffendenot@ehow.com
895,Mitch,77,Ghormach,,mberthelou@infoseek.co.jp
896,Rafaellle,32,Shakīso,2438888,rbrunsdonov@cyberchimps.com
897,Kristopher,20,Mekarsari,2354161,kzealanderow@hatena.ne.jp
898,Franchot,58,Zgornje Bitnje,,fmeesox@google.co.jp
899,Laurene,,Litvínovice,2781072,lglennardoy@joomla.org
900,Renard,32,Dauriya,4549403,rmcamishoz@ovh.net
901,Iormina,22,Zhongxing,,icrumbyp0@ameblo.jp
902,Pat,,Campo Largo,,
903,Clarey,59,Ongjin,2643589,cmoenp2@bandcamp.com
904,Welsh,26,,2758272,whattrickp3@trellian.com
905,Eustacia,94,Grigiškės,3074149,ecubuzzip4@tumblr.com
906,Joli,,Belovodskoye,1417926,jangierp5@google.cn
907,Reube,97,Kadugannawa,4078482,rcolombierp6@yahoo.co.jp
908,Nert,,Valdemarsvik,3804161,
909,Ailee,70,Kratié,3074530,aoventonp8@trellian.com
910,Gay,,Galtek,3650454,gbarrusp9@whitehouse.gov
911,Teresita,89,Busan,1773914,tbaddampa@digg.com
912,Lennie,32,Agen,3032189,llewrypb@nature.com
913,Reeta,56,Ziębice,,rwallsworthpc@blinklist.com
914,Bucky,9,Misawa,,
915,Freeland,36,Laško,4343134,fmaypolepe@jalbum.net
916,Wallis,78,Velký Újezd,4407059,
917,Matti,33,Monjas,2068834,msellackpg@slashdot.org
918,Trent,96,Krajan Ngerdani,1929604,tedgesonph@wisc.edu
919,Cecilius,2,Seattle,4686903,
920,Jenica,38,Burao,4782532,
921,Blake,44,Cikadondongdesa,2983163,bgianellipk@forbes.com
922,Vevay,24,Ricardo Palma,1892110,vmackimmiepl@imageshack.us
923,Dillon,76,Causwagan,1235720,dramptonpm@etsy.com
924,Horten,26,Qianshan,2065366,hbobaschpn@ca.gov
925,Lusa,13,,4062329,lclaypoolpo@japanpost.jp
926,Humfrid,,Khvastovichi,3950271,
927,Lenna,,Zhaogezhuang,4892069,lcarlissopq@tiny.cc
928,Alfreda,100,Chimoio,3829363,adevitapr@dedecms.com
929,Bennie,1,Reims,1780718,bschulkinsps@ox.ac.uk
930,Guillaume,,Villanueva,1106438,gmeasenpt@theatlantic.com
931,Basilius,83,Opatov,2907036,bgabelpu@drupal.org
932,Lilian,14,Gorzyce,,
933,Arnuad,58,Qiankeng,,
934,Aila,13,Yulong,2398869,amitiepx@usa.gov
935,Mateo,77,Petrópolis,,mancketillpy@deviantart.com
936,Fons,12,Vadstena,3547059,fmartinellipz@forbes.com
937,Veda,79,Garça,3725654,vbartolacciq0@artisteer.com
938,Stacy,,Zhangatas,,scrocroftq1@google.it
939,Nerte,89,,3611152,nhollindaleq2@stanford.edu
940,Emlen,15,Tuopu Luke,1498206,eholganq3@discovery.com
941,Abby,67,Dengjia,1339031,
942,Jimmie,32,San José Poaquil,1936121,jstanislawq5@eepurl.com
943,Meaghan,31,Zelenograd,2452717,mmanderq6@alibaba.com
944,Fawnia,47,Sindou,1254280,
945,Tremayne,19,Xiangzikou,4785511,trobichonq8@prnewswire.com
946,Mallory,45,Guantánamo,4959619,mderwinq9@nydailynews.com
947,Katharina,10,Helvecia,,ksirmanqa@google.co.uk
948,Iggy,,Linëvo,1277963,iketchasideqb@sbwire.com
949,Duke,49,Guozhai,1872022,dvanqc@hc360.com
950,Taffy,31,Suizhong,2910399,tgooderridgeqd@ed.gov
951,Bird,31,Alíartos,3591741,
952,Brig,,Al Khānkah,3863845,bosculleyqf@myspace.com
953,Bryant,48,Lille,3839108,bvlahosqg@latimes.com
954,Walker,,Bukedea,2533784,wtalbyqh@rakuten.co.jp
955,Nicolas,52,Omurtag,1466307,nharbarqi@baidu.com
956,Ignatius,89,Sumqayıt,,
957,Jamey,,Adraskan,,jmathersonqk@moonfruit.com
958,Kristyn,,Baunu-Timbangan,4506521,karnettql@reddit.com
959,Iris,,,,igerreltsqm@g.co
960,Paddie,36,,2195364,pabreyqn@homestead.com
961,Hulda,96,Tunis,4298422,
962,Kare,86,Huangdi,4060923,kkidsleyqp@harvard.edu
963,Michal,31,,2520197,mcleverqq@chronoengine.com
964,Curtice,,Mhango,2524621,
965,Marshall,,Kerrobert,1343503,mscorthorneqs@buzzfeed.com
966,Kyle,,,3723151,
967,Dukey,,Karangagung Timur,1423979,dmacenellyqu@wix.com
968,Maurie,18,Conception Bay South,3515762,mlantiffeqv@blog.com
969,Frannie,87,Parion,1975111,fjaeggiqw@bizjournals.com
970,Georas,48,Pule,1140887,gdavydkovqx@github.io
971,Karla,86,Chong’ansi,1610154,kscotsbrookqy@jalbum.net
972,Isac,64,Camrose,2120536,ipeyesqz@weibo.com
973,Deina,96,Carrigtwohill,,
974,Jamie,14,Koa,4162723,jgilardengor1@quantcast.com
975,Lucila,65,Xikou,4424797,lbarrowcliffr2@woothemes.com
976,Fonz,15,Aketi,3107005,fhowler3@sphinn.com
977,Lane,5,Krajan,4771005,lmcbeithr4@psu.edu
978,Erica,42,Consuelo,,
979,Normand,97,Meudon,,
980,Harlene,85,Fengpo,2099815,htemlr7@prlog.org
981,Isabel,59,Calgary,2479874,iplayhillr8@paypal.com
982,Van,,Talangnan,4994822,vbartlesr9@ihg.com
983,Ariel,19,Ijuí,2796397,
984,Hilary,83,Jabranti,2773936,hdoranrb@baidu.com
985,Justin,,Dongshangguan,3197504,jtarzeyrc@eepurl.com
986,Ellie,63,Pozuzo,3233405,emchughrd@51.la
987,Lisabeth,,Karangtalun,4863549,lpikettre@addtoany.com
988,Cully,34,Volgorechensk,1419075,cschukertrf@surveymonkey.com
989,Francesco,27,Dachun,4885584,
990,Penny,90,Mautapaga Bawah,2395754,phowkinsrh@berkeley.edu
991,Marley,31,Is,1088003,mceillierri@hostgator.com
992,Clarence,,Dzagam,2915526,cshallcroffrj@sitemeter.com
993,Hestia,,Trostyanets’,1571942,hlodfordrk@examiner.com
994,Kenneth,43,Hengfeng,1851812,kmcglonerl@google.de
995,Scarface,63,Praga Północ,,slowrerm@list-manage.com
996,Darrick,4,Shawnee Mission,4707333,dlegendrern@360.cn
997,Natka,,Phatthalung,1056621,nhillanro@dot.gov
998,Bartlet,95,Glencoe,3859184,bmallatrattrp@washingtonpost.com
999,Sigismondo,,Ambatondrazaka,1965329,sdohmannrq@hatena.ne.jp
1000,Daryl,1,Ropcha,,dgalletleyrr@apache.org
